timeStamp,elapsed,label,responseCode,responseMessage,threadName,dataType,success,failureMessage,bytes,sentBytes,grpThreads,allThreads,URL,Latency,IdleTime,Connect
1777905752660,1063,Config test request,200,OK,Thread Group 1-10,text,false,"The operation lasted too long: It took 1,063 milliseconds, but should not have lasted longer than 880 milliseconds.",231,159,12,12,http://localhost:8080/?token=518476755&user=-1355124193&config=2,1062,0,64
1777905752660,1064,Config test request,200,OK,Thread Group 1-7,text,false,"The operation lasted too long: It took 1,064 milliseconds, but should not have lasted longer than 880 milliseconds.",231,159,12,12,http://localhost:8080/?token=518476755&user=-1355124193&config=2,1062,0,64
1777905752659,1064,Config test request,200,OK,Thread Group 1-11,text,false,"The operation lasted too long: It took 1,064 milliseconds, but should not have lasted longer than 880 milliseconds.",231,159,12,12,http://localhost:8080/?token=518476755&user=-1355124193&config=2,1064,0,65
1777905752660,1063,Config test request,200,OK,Thread Group 1-1,text,false,"The operation lasted too long: It took 1,063 milliseconds, but should not have lasted longer than 880 milliseconds.",231,159,12,12,http://localhost:8080/?token=518476755&user=-1355124193&config=2,1062,0,64
1777905752659,1064,Config test request,200,OK,Thread Group 1-2,text,false,"The operation lasted too long: It took 1,064 milliseconds, but should not have lasted longer than 880 milliseconds.",231,159,12,12,http://localhost:8080/?token=518476755&user=-1355124193&config=2,1064,0,65
1777905752659,1064,Config test request,200,OK,Thread Group 1-4,text,false,"The operation lasted too long: It took 1,064 milliseconds, but should not have lasted longer than 880 milliseconds.",231,159,12,12,http://localhost:8080/?token=518476755&user=-1355124193&config=2,1064,0,65
1777905752659,1065,Config test request,200,OK,Thread Group 1-8,text,false,"The operation lasted too long: It took 1,065 milliseconds, but should not have lasted longer than 880 milliseconds.",231,159,12,12,http://localhost:8080/?token=518476755&user=-1355124193&config=2,1063,0,65
1777905752659,1064,Config test request,200,OK,Thread Group 1-3,text,false,"The operation lasted too long: It took 1,064 milliseconds, but should not have lasted longer than 880 milliseconds.",231,159,12,12,http://localhost:8080/?token=518476755&user=-1355124193&config=2,1064,0,65
1777905752659,1065,Config test request,200,OK,Thread Group 1-6,text,false,"The operation lasted too long: It took 1,065 milliseconds, but should not have lasted longer than 880 milliseconds.",231,159,12,12,http://localhost:8080/?token=518476755&user=-1355124193&config=2,1063,0,65
1777905752660,1063,Config test request,200,OK,Thread Group 1-12,text,false,"The operation lasted too long: It took 1,063 milliseconds, but should not have lasted longer than 880 milliseconds.",231,159,12,12,http://localhost:8080/?token=518476755&user=-1355124193&config=2,1062,0,64
1777905752659,1064,Config test request,200,OK,Thread Group 1-9,text,false,"The operation lasted too long: It took 1,064 milliseconds, but should not have lasted longer than 880 milliseconds.",231,159,12,12,http://localhost:8080/?token=518476755&user=-1355124193&config=2,1064,0,65
1777905752659,1064,Config test request,200,OK,Thread Group 1-5,text,false,"The operation lasted too long: It took 1,064 milliseconds, but should not have lasted longer than 880 milliseconds.",231,159,12,12,http://localhost:8080/?token=518476755&user=-1355124193&config=2,1063,0,65
1777905753958,720,Config test request,200,OK,Thread Group 1-7,text,true,,231,159,12,12,http://localhost:8080/?token=518476755&user=-1355124193&config=2,720,0,0
1777905753958,721,Config test request,200,OK,Thread Group 1-12,text,true,,231,159,12,12,http://localhost:8080/?token=518476755&user=-1355124193&config=2,720,0,0
1777905753958,724,Config test request,200,OK,Thread Group 1-6,text,true,,231,159,12,12,http://localhost:8080/?token=518476755&user=-1355124193&config=2,724,0,0
1777905753958,728,Config test request,200,OK,Thread Group 1-1,text,true,,231,159,12,12,http://localhost:8080/?token=518476755&user=-1355124193&config=2,728,0,0
1777905753960,726,Config test request,200,OK,Thread Group 1-8,text,true,,231,159,12,12,http://localhost:8080/?token=518476755&user=-1355124193&config=2,726,0,0
1777905753959,728,Config test request,200,OK,Thread Group 1-5,text,true,,231,159,12,12,http://localhost:8080/?token=518476755&user=-1355124193&config=2,728,0,0
1777905753960,728,Config test request,200,OK,Thread Group 1-2,text,true,,231,159,12,12,http://localhost:8080/?token=518476755&user=-1355124193&config=2,728,0,0
1777905753958,731,Config test request,200,OK,Thread Group 1-3,text,true,,231,159,12,12,http://localhost:8080/?token=518476755&user=-1355124193&config=2,731,0,0
1777905753959,734,Config test request,200,OK,Thread Group 1-9,text,true,,231,159,12,12,http://localhost:8080/?token=518476755&user=-1355124193&config=2,733,0,0
1777905753958,735,Config test request,200,OK,Thread Group 1-10,text,true,,231,159,12,12,http://localhost:8080/?token=518476755&user=-1355124193&config=2,734,0,0
1777905753960,733,Config test request,200,OK,Thread Group 1-11,text,true,,231,159,12,12,http://localhost:8080/?token=518476755&user=-1355124193&config=2,732,0,0
1777905753961,734,Config test request,200,OK,Thread Group 1-4,text,true,,231,159,12,12,http://localhost:8080/?token=518476755&user=-1355124193&config=2,734,0,0
1777905755466,799,Config test request,200,OK,Thread Group 1-7,text,true,,231,159,12,12,http://localhost:8080/?token=518476755&user=-1355124193&config=2,799,0,0
1777905755459,806,Config test request,200,OK,Thread Group 1-3,text,true,,231,159,12,12,http://localhost:8080/?token=518476755&user=-1355124193&config=2,806,0,0
1777905755463,802,Config test request,200,OK,Thread Group 1-2,text,true,,231,159,12,12,http://localhost:8080/?token=518476755&user=-1355124193&config=2,802,0,0
1777905755461,804,Config test request,200,OK,Thread Group 1-6,text,true,,231,159,12,12,http://localhost:8080/?token=518476755&user=-1355124193&config=2,804,0,0
1777905755466,800,Config test request,200,OK,Thread Group 1-4,text,true,,231,159,12,12,http://localhost:8080/?token=518476755&user=-1355124193&config=2,799,0,0
1777905755465,800,Config test request,200,OK,Thread Group 1-12,text,true,,231,159,12,12,http://localhost:8080/?token=518476755&user=-1355124193&config=2,800,0,0
1777905755459,806,Config test request,200,OK,Thread Group 1-10,text,true,,231,159,12,12,http://localhost:8080/?token=518476755&user=-1355124193&config=2,806,0,0
1777905755459,807,Config test request,200,OK,Thread Group 1-9,text,true,,231,159,12,12,http://localhost:8080/?token=518476755&user=-1355124193&config=2,807,0,0
1777905755459,807,Config test request,200,OK,Thread Group 1-11,text,true,,231,159,12,12,http://localhost:8080/?token=518476755&user=-1355124193&config=2,807,0,0
1777905755464,801,Config test request,200,OK,Thread Group 1-1,text,true,,231,159,12,12,http://localhost:8080/?token=518476755&user=-1355124193&config=2,801,0,0
1777905755461,806,Config test request,200,OK,Thread Group 1-8,text,true,,231,159,12,12,http://localhost:8080/?token=518476755&user=-1355124193&config=2,806,0,0
1777905755461,806,Config test request,200,OK,Thread Group 1-5,text,true,,231,159,12,12,http://localhost:8080/?token=518476755&user=-1355124193&config=2,806,0,0
1777905756961,756,Config test request,200,OK,Thread Group 1-3,text,true,,231,159,12,12,http://localhost:8080/?token=518476755&user=-1355124193&config=2,756,0,0
1777905756958,759,Config test request,200,OK,Thread Group 1-11,text,true,,231,159,12,12,http://localhost:8080/?token=518476755&user=-1355124193&config=2,759,0,0
1777905756958,760,Config test request,200,OK,Thread Group 1-1,text,true,,231,159,12,12,http://localhost:8080/?token=518476755&user=-1355124193&config=2,760,0,0
1777905756958,759,Config test request,200,OK,Thread Group 1-7,text,true,,231,159,12,12,http://localhost:8080/?token=518476755&user=-1355124193&config=2,759,0,0
1777905756962,759,Config test request,200,OK,Thread Group 1-2,text,true,,231,159,12,12,http://localhost:8080/?token=518476755&user=-1355124193&config=2,759,0,0
1777905756960,761,Config test request,200,OK,Thread Group 1-5,text,true,,231,159,12,12,http://localhost:8080/?token=518476755&user=-1355124193&config=2,761,0,0
1777905756961,762,Config test request,200,OK,Thread Group 1-6,text,true,,231,159,12,12,http://localhost:8080/?token=518476755&user=-1355124193&config=2,761,0,0
1777905756958,765,Config test request,200,OK,Thread Group 1-9,text,true,,231,159,12,12,http://localhost:8080/?token=518476755&user=-1355124193&config=2,764,0,0
1777905756958,763,Config test request,200,OK,Thread Group 1-10,text,true,,231,159,12,12,http://localhost:8080/?token=518476755&user=-1355124193&config=2,763,0,0
1777905756968,756,Config test request,200,OK,Thread Group 1-4,text,true,,231,159,12,12,http://localhost:8080/?token=518476755&user=-1355124193&config=2,756,0,0
1777905756960,765,Config test request,200,OK,Thread Group 1-8,text,true,,231,159,12,12,http://localhost:8080/?token=518476755&user=-1355124193&config=2,765,0,0
1777905756962,764,Config test request,200,OK,Thread Group 1-12,text,true,,231,159,12,12,http://localhost:8080/?token=518476755&user=-1355124193&config=2,764,0,0
1777905758459,877,Config test request,200,OK,Thread Group 1-11,text,true,,231,159,12,12,http://localhost:8080/?token=518476755&user=-1355124193&config=2,877,0,0
1777905758459,877,Config test request,200,OK,Thread Group 1-3,text,true,,231,159,12,12,http://localhost:8080/?token=518476755&user=-1355124193&config=2,877,0,0
1777905758461,875,Config test request,200,OK,Thread Group 1-2,text,true,,231,159,12,12,http://localhost:8080/?token=518476755&user=-1355124193&config=2,875,0,0
1777905758460,877,Config test request,200,OK,Thread Group 1-7,text,true,,231,159,12,12,http://localhost:8080/?token=518476755&user=-1355124193&config=2,877,0,0
1777905758459,878,Config test request,200,OK,Thread Group 1-6,text,true,,231,159,12,12,http://localhost:8080/?token=518476755&user=-1355124193&config=2,878,0,0
1777905758458,880,Config test request,200,OK,Thread Group 1-9,text,true,,231,159,12,12,http://localhost:8080/?token=518476755&user=-1355124193&config=2,880,0,0
1777905758460,878,Config test request,200,OK,Thread Group 1-1,text,true,,231,159,12,12,http://localhost:8080/?token=518476755&user=-1355124193&config=2,878,0,0
1777905758462,876,Config test request,200,OK,Thread Group 1-12,text,true,,231,159,12,12,http://localhost:8080/?token=518476755&user=-1355124193&config=2,875,0,0
1777905758460,879,Config test request,200,OK,Thread Group 1-10,text,true,,231,159,12,12,http://localhost:8080/?token=518476755&user=-1355124193&config=2,879,0,0
1777905758464,875,Config test request,200,OK,Thread Group 1-4,text,true,,231,159,12,12,http://localhost:8080/?token=518476755&user=-1355124193&config=2,875,0,0
1777905758457,883,Config test request,200,OK,Thread Group 1-8,text,false,"The operation lasted too long: It took 883 milliseconds, but should not have lasted longer than 880 milliseconds.",231,159,12,12,http://localhost:8080/?token=518476755&user=-1355124193&config=2,883,0,0
1777905758458,882,Config test request,200,OK,Thread Group 1-5,text,false,"The operation lasted too long: It took 882 milliseconds, but should not have lasted longer than 880 milliseconds.",231,159,12,12,http://localhost:8080/?token=518476755&user=-1355124193&config=2,882,0,0
1777905759970,799,Config test request,200,OK,Thread Group 1-11,text,true,,231,159,12,12,http://localhost:8080/?token=518476755&user=-1355124193&config=2,799,0,0
1777905759970,799,Config test request,200,OK,Thread Group 1-2,text,true,,231,159,12,12,http://localhost:8080/?token=518476755&user=-1355124193&config=2,799,0,0
1777905759957,812,Config test request,200,OK,Thread Group 1-12,text,true,,231,159,12,12,http://localhost:8080/?token=518476755&user=-1355124193&config=2,812,0,0
1777905759970,800,Config test request,200,OK,Thread Group 1-6,text,true,,231,159,12,12,http://localhost:8080/?token=518476755&user=-1355124193&config=2,800,0,0
1777905759970,800,Config test request,200,OK,Thread Group 1-3,text,true,,231,159,12,12,http://localhost:8080/?token=518476755&user=-1355124193&config=2,800,0,0
1777905759958,813,Config test request,200,OK,Thread Group 1-9,text,true,,231,159,12,12,http://localhost:8080/?token=518476755&user=-1355124193&config=2,813,0,0
1777905759970,802,Config test request,200,OK,Thread Group 1-7,text,true,,231,159,12,12,http://localhost:8080/?token=518476755&user=-1355124193&config=2,802,0,0
1777905759958,814,Config test request,200,OK,Thread Group 1-1,text,true,,231,159,12,12,http://localhost:8080/?token=518476755&user=-1355124193&config=2,814,0,0
1777905759959,814,Config test request,200,OK,Thread Group 1-10,text,true,,231,159,12,12,http://localhost:8080/?token=518476755&user=-1355124193&config=2,813,0,0
1777905759960,813,Config test request,200,OK,Thread Group 1-4,text,true,,231,159,12,12,http://localhost:8080/?token=518476755&user=-1355124193&config=2,813,0,0
1777905759957,817,Config test request,200,OK,Thread Group 1-5,text,true,,231,159,12,12,http://localhost:8080/?token=518476755&user=-1355124193&config=2,817,0,0
1777905759957,817,Config test request,200,OK,Thread Group 1-8,text,true,,231,159,12,12,http://localhost:8080/?token=518476755&user=-1355124193&config=2,817,0,0
1777905761457,849,Config test request,200,OK,Thread Group 1-3,text,true,,231,159,12,12,http://localhost:8080/?token=518476755&user=-1355124193&config=2,849,0,0
1777905761459,848,Config test request,200,OK,Thread Group 1-2,text,true,,231,159,12,12,http://localhost:8080/?token=518476755&user=-1355124193&config=2,847,0,0
1777905761458,848,Config test request,200,OK,Thread Group 1-12,text,true,,231,159,12,12,http://localhost:8080/?token=518476755&user=-1355124193&config=2,848,0,0
1777905761457,849,Config test request,200,OK,Thread Group 1-6,text,true,,231,159,12,12,http://localhost:8080/?token=518476755&user=-1355124193&config=2,849,0,0
1777905761463,847,Config test request,200,OK,Thread Group 1-11,text,true,,231,159,12,12,http://localhost:8080/?token=518476755&user=-1355124193&config=2,847,0,0
1777905761459,851,Config test request,200,OK,Thread Group 1-10,text,true,,231,159,12,12,http://localhost:8080/?token=518476755&user=-1355124193&config=2,851,0,0
1777905761457,854,Config test request,200,OK,Thread Group 1-9,text,true,,231,159,12,12,http://localhost:8080/?token=518476755&user=-1355124193&config=2,854,0,0
1777905761462,849,Config test request,200,OK,Thread Group 1-7,text,true,,231,159,12,12,http://localhost:8080/?token=518476755&user=-1355124193&config=2,849,0,0
1777905761459,852,Config test request,200,OK,Thread Group 1-1,text,true,,231,159,12,12,http://localhost:8080/?token=518476755&user=-1355124193&config=2,852,0,0
1777905761462,850,Config test request,200,OK,Thread Group 1-4,text,true,,231,159,12,12,http://localhost:8080/?token=518476755&user=-1355124193&config=2,850,0,0
1777905761457,855,Config test request,200,OK,Thread Group 1-5,text,true,,231,159,12,12,http://localhost:8080/?token=518476755&user=-1355124193&config=2,855,0,0
1777905761460,853,Config test request,200,OK,Thread Group 1-8,text,true,,231,159,12,12,http://localhost:8080/?token=518476755&user=-1355124193&config=2,853,0,0
1777905762961,907,Config test request,200,OK,Thread Group 1-12,text,false,"The operation lasted too long: It took 907 milliseconds, but should not have lasted longer than 880 milliseconds.",231,159,12,12,http://localhost:8080/?token=518476755&user=-1355124193&config=2,907,0,0
1777905762963,906,Config test request,200,OK,Thread Group 1-6,text,false,"The operation lasted too long: It took 906 milliseconds, but should not have lasted longer than 880 milliseconds.",231,159,12,12,http://localhost:8080/?token=518476755&user=-1355124193&config=2,906,0,0
1777905762962,906,Config test request,200,OK,Thread Group 1-3,text,false,"The operation lasted too long: It took 906 milliseconds, but should not have lasted longer than 880 milliseconds.",231,159,12,12,http://localhost:8080/?token=518476755&user=-1355124193&config=2,906,0,0
1777905762962,906,Config test request,200,OK,Thread Group 1-2,text,false,"The operation lasted too long: It took 906 milliseconds, but should not have lasted longer than 880 milliseconds.",231,159,12,12,http://localhost:8080/?token=518476755&user=-1355124193&config=2,906,0,0
1777905762963,907,Config test request,200,OK,Thread Group 1-4,text,false,"The operation lasted too long: It took 907 milliseconds, but should not have lasted longer than 880 milliseconds.",231,159,12,12,http://localhost:8080/?token=518476755&user=-1355124193&config=2,907,0,0
1777905762957,913,Config test request,200,OK,Thread Group 1-7,text,false,"The operation lasted too long: It took 913 milliseconds, but should not have lasted longer than 880 milliseconds.",231,159,12,12,http://localhost:8080/?token=518476755&user=-1355124193&config=2,913,0,0
1777905762960,910,Config test request,200,OK,Thread Group 1-11,text,false,"The operation lasted too long: It took 910 milliseconds, but should not have lasted longer than 880 milliseconds.",231,159,12,12,http://localhost:8080/?token=518476755&user=-1355124193&config=2,910,0,0
1777905762959,911,Config test request,200,OK,Thread Group 1-1,text,false,"The operation lasted too long: It took 911 milliseconds, but should not have lasted longer than 880 milliseconds.",231,159,12,12,http://localhost:8080/?token=518476755&user=-1355124193&config=2,911,0,0
1777905762957,913,Config test request,200,OK,Thread Group 1-9,text,false,"The operation lasted too long: It took 913 milliseconds, but should not have lasted longer than 880 milliseconds.",231,159,12,12,http://localhost:8080/?token=518476755&user=-1355124193&config=2,913,0,0
1777905762960,912,Config test request,200,OK,Thread Group 1-10,text,false,"The operation lasted too long: It took 912 milliseconds, but should not have lasted longer than 880 milliseconds.",231,159,12,12,http://localhost:8080/?token=518476755&user=-1355124193&config=2,912,0,0
1777905762959,913,Config test request,200,OK,Thread Group 1-5,text,false,"The operation lasted too long: It took 913 milliseconds, but should not have lasted longer than 880 milliseconds.",231,159,12,12,http://localhost:8080/?token=518476755&user=-1355124193&config=2,913,0,0
1777905762957,915,Config test request,200,OK,Thread Group 1-8,text,false,"The operation lasted too long: It took 915 milliseconds, but should not have lasted longer than 880 milliseconds.",231,159,12,12,http://localhost:8080/?token=518476755&user=-1355124193&config=2,915,0,0
1777905764458,1027,Config test request,200,OK,Thread Group 1-2,text,false,"The operation lasted too long: It took 1,027 milliseconds, but should not have lasted longer than 880 milliseconds.",231,159,12,12,http://localhost:8080/?token=518476755&user=-1355124193&config=2,1027,0,0
1777905764461,1024,Config test request,200,OK,Thread Group 1-12,text,false,"The operation lasted too long: It took 1,024 milliseconds, but should not have lasted longer than 880 milliseconds.",231,159,12,12,http://localhost:8080/?token=518476755&user=-1355124193&config=2,1024,0,0
1777905764460,1025,Config test request,200,OK,Thread Group 1-11,text,false,"The operation lasted too long: It took 1,025 milliseconds, but should not have lasted longer than 880 milliseconds.",231,159,12,12,http://localhost:8080/?token=518476755&user=-1355124193&config=2,1025,0,0
1777905764461,1026,Config test request,200,OK,Thread Group 1-10,text,false,"The operation lasted too long: It took 1,026 milliseconds, but should not have lasted longer than 880 milliseconds.",231,159,12,12,http://localhost:8080/?token=518476755&user=-1355124193&config=2,1026,0,0
1777905764460,1027,Config test request,200,OK,Thread Group 1-7,text,false,"The operation lasted too long: It took 1,027 milliseconds, but should not have lasted longer than 880 milliseconds.",231,159,12,12,http://localhost:8080/?token=518476755&user=-1355124193&config=2,1027,0,0
1777905764458,1030,Config test request,200,OK,Thread Group 1-1,text,false,"The operation lasted too long: It took 1,030 milliseconds, but should not have lasted longer than 880 milliseconds.",231,159,12,12,http://localhost:8080/?token=518476755&user=-1355124193&config=2,1030,0,0
1777905764460,1027,Config test request,200,OK,Thread Group 1-9,text,false,"The operation lasted too long: It took 1,027 milliseconds, but should not have lasted longer than 880 milliseconds.",231,159,12,12,http://localhost:8080/?token=518476755&user=-1355124193&config=2,1027,0,0
1777905764458,1027,Config test request,200,OK,Thread Group 1-6,text,false,"The operation lasted too long: It took 1,027 milliseconds, but should not have lasted longer than 880 milliseconds.",231,159,12,12,http://localhost:8080/?token=518476755&user=-1355124193&config=2,1027,0,0
1777905764458,1031,Config test request,200,OK,Thread Group 1-3,text,false,"The operation lasted too long: It took 1,031 milliseconds, but should not have lasted longer than 880 milliseconds.",231,159,12,12,http://localhost:8080/?token=518476755&user=-1355124193&config=2,1031,0,0
1777905764458,1031,Config test request,200,OK,Thread Group 1-8,text,false,"The operation lasted too long: It took 1,031 milliseconds, but should not have lasted longer than 880 milliseconds.",231,159,12,12,http://localhost:8080/?token=518476755&user=-1355124193&config=2,1031,0,0
1777905764460,1029,Config test request,200,OK,Thread Group 1-5,text,false,"The operation lasted too long: It took 1,029 milliseconds, but should not have lasted longer than 880 milliseconds.",231,159,12,12,http://localhost:8080/?token=518476755&user=-1355124193&config=2,1029,0,0
1777905764461,1029,Config test request,200,OK,Thread Group 1-4,text,false,"The operation lasted too long: It took 1,029 milliseconds, but should not have lasted longer than 880 milliseconds.",231,159,12,12,http://localhost:8080/?token=518476755&user=-1355124193&config=2,1028,0,0
1777905765958,853,Config test request,200,OK,Thread Group 1-9,text,true,,231,159,12,12,http://localhost:8080/?token=518476755&user=-1355124193&config=2,853,0,0
1777905765962,849,Config test request,200,OK,Thread Group 1-12,text,true,,231,159,12,12,http://localhost:8080/?token=518476755&user=-1355124193&config=2,849,0,0
1777905765961,850,Config test request,200,OK,Thread Group 1-4,text,true,,231,159,12,12,http://localhost:8080/?token=518476755&user=-1355124193&config=2,850,0,0
1777905765958,853,Config test request,200,OK,Thread Group 1-7,text,true,,231,159,12,12,http://localhost:8080/?token=518476755&user=-1355124193&config=2,853,0,0
1777905765959,852,Config test request,200,OK,Thread Group 1-6,text,true,,231,159,12,12,http://localhost:8080/?token=518476755&user=-1355124193&config=2,852,0,0
1777905765957,856,Config test request,200,OK,Thread Group 1-8,text,true,,231,159,12,12,http://localhost:8080/?token=518476755&user=-1355124193&config=2,855,0,0
1777905765959,853,Config test request,200,OK,Thread Group 1-1,text,true,,231,159,12,12,http://localhost:8080/?token=518476755&user=-1355124193&config=2,853,0,0
1777905765957,856,Config test request,200,OK,Thread Group 1-10,text,true,,231,159,12,12,http://localhost:8080/?token=518476755&user=-1355124193&config=2,856,0,0
1777905765962,849,Config test request,200,OK,Thread Group 1-2,text,true,,231,159,12,12,http://localhost:8080/?token=518476755&user=-1355124193&config=2,849,0,0
1777905765962,849,Config test request,200,OK,Thread Group 1-11,text,true,,231,159,12,12,http://localhost:8080/?token=518476755&user=-1355124193&config=2,849,0,0
1777905765957,854,Config test request,200,OK,Thread Group 1-3,text,true,,231,159,12,12,http://localhost:8080/?token=518476755&user=-1355124193&config=2,854,0,0
1777905765957,856,Config test request,200,OK,Thread Group 1-5,text,true,,231,159,12,12,http://localhost:8080/?token=518476755&user=-1355124193&config=2,856,0,0
1777905767457,818,Config test request,200,OK,Thread Group 1-2,text,true,,231,159,12,12,http://localhost:8080/?token=518476755&user=-1355124193&config=2,818,0,0
1777905767459,816,Config test request,200,OK,Thread Group 1-12,text,true,,231,159,12,12,http://localhost:8080/?token=518476755&user=-1355124193&config=2,816,0,0
1777905767457,818,Config test request,200,OK,Thread Group 1-3,text,true,,231,159,12,12,http://localhost:8080/?token=518476755&user=-1355124193&config=2,818,0,0
1777905767461,815,Config test request,200,OK,Thread Group 1-6,text,true,,231,159,12,12,http://localhost:8080/?token=518476755&user=-1355124193&config=2,814,0,0
1777905767462,815,Config test request,200,OK,Thread Group 1-7,text,true,,231,159,12,12,http://localhost:8080/?token=518476755&user=-1355124193&config=2,815,0,0
1777905767461,816,Config test request,200,OK,Thread Group 1-9,text,true,,231,159,12,12,http://localhost:8080/?token=518476755&user=-1355124193&config=2,816,0,0
1777905767457,819,Config test request,200,OK,Thread Group 1-11,text,true,,231,159,12,12,http://localhost:8080/?token=518476755&user=-1355124193&config=2,819,0,0
1777905767460,819,Config test request,200,OK,Thread Group 1-10,text,true,,231,159,12,12,http://localhost:8080/?token=518476755&user=-1355124193&config=2,819,0,0
1777905767461,818,Config test request,200,OK,Thread Group 1-1,text,true,,231,159,12,12,http://localhost:8080/?token=518476755&user=-1355124193&config=2,818,0,0
1777905767463,817,Config test request,200,OK,Thread Group 1-8,text,true,,231,159,12,12,http://localhost:8080/?token=518476755&user=-1355124193&config=2,817,0,0
1777905767457,823,Config test request,200,OK,Thread Group 1-5,text,true,,231,159,12,12,http://localhost:8080/?token=518476755&user=-1355124193&config=2,823,0,0
1777905767460,820,Config test request,200,OK,Thread Group 1-4,text,true,,231,159,12,12,http://localhost:8080/?token=518476755&user=-1355124193&config=2,820,0,0
1777905768963,781,Config test request,200,OK,Thread Group 1-4,text,true,,231,159,12,12,http://localhost:8080/?token=518476755&user=-1355124193&config=2,781,0,0
1777905768963,781,Config test request,200,OK,Thread Group 1-9,text,true,,231,159,12,12,http://localhost:8080/?token=518476755&user=-1355124193&config=2,781,0,0
1777905768962,787,Config test request,200,OK,Thread Group 1-2,text,true,,231,159,12,12,http://localhost:8080/?token=518476755&user=-1355124193&config=2,786,0,0
1777905768960,791,Config test request,200,OK,Thread Group 1-1,text,true,,231,159,12,12,http://localhost:8080/?token=518476755&user=-1355124193&config=2,791,0,0
1777905768964,787,Config test request,200,OK,Thread Group 1-12,text,true,,231,159,12,12,http://localhost:8080/?token=518476755&user=-1355124193&config=2,787,0,0
1777905768957,795,Config test request,200,OK,Thread Group 1-5,text,true,,231,159,12,12,http://localhost:8080/?token=518476755&user=-1355124193&config=2,795,0,0
1777905768963,789,Config test request,200,OK,Thread Group 1-8,text,true,,231,159,12,12,http://localhost:8080/?token=518476755&user=-1355124193&config=2,788,0,0
1777905768961,793,Config test request,200,OK,Thread Group 1-3,text,true,,231,159,12,12,http://localhost:8080/?token=518476755&user=-1355124193&config=2,792,0,0
1777905768962,792,Config test request,200,OK,Thread Group 1-11,text,true,,231,159,12,12,http://localhost:8080/?token=518476755&user=-1355124193&config=2,792,0,0
1777905768957,797,Config test request,200,OK,Thread Group 1-6,text,true,,231,159,12,12,http://localhost:8080/?token=518476755&user=-1355124193&config=2,796,0,0
1777905768957,800,Config test request,200,OK,Thread Group 1-7,text,true,,231,159,12,12,http://localhost:8080/?token=518476755&user=-1355124193&config=2,800,0,0
1777905768960,798,Config test request,200,OK,Thread Group 1-10,text,true,,231,159,12,12,http://localhost:8080/?token=518476755&user=-1355124193&config=2,798,0,0
1777905770459,860,Config test request,200,OK,Thread Group 1-11,text,true,,231,159,12,12,http://localhost:8080/?token=518476755&user=-1355124193&config=2,859,0,0
1777905770461,858,Config test request,200,OK,Thread Group 1-6,text,true,,231,159,12,12,http://localhost:8080/?token=518476755&user=-1355124193&config=2,857,0,0
1777905770460,859,Config test request,200,OK,Thread Group 1-2,text,true,,231,159,12,12,http://localhost:8080/?token=518476755&user=-1355124193&config=2,859,0,0
1777905770457,862,Config test request,200,OK,Thread Group 1-7,text,true,,231,159,12,12,http://localhost:8080/?token=518476755&user=-1355124193&config=2,862,0,0
1777905770461,858,Config test request,200,OK,Thread Group 1-12,text,true,,231,159,12,12,http://localhost:8080/?token=518476755&user=-1355124193&config=2,858,0,0
1777905770459,861,Config test request,200,OK,Thread Group 1-9,text,true,,231,159,12,12,http://localhost:8080/?token=518476755&user=-1355124193&config=2,860,0,0
1777905770457,863,Config test request,200,OK,Thread Group 1-10,text,true,,231,159,12,12,http://localhost:8080/?token=518476755&user=-1355124193&config=2,863,0,0
1777905770459,861,Config test request,200,OK,Thread Group 1-3,text,true,,231,159,12,12,http://localhost:8080/?token=518476755&user=-1355124193&config=2,861,0,0
1777905770463,857,Config test request,200,OK,Thread Group 1-1,text,true,,231,159,12,12,http://localhost:8080/?token=518476755&user=-1355124193&config=2,857,0,0
1777905770462,858,Config test request,200,OK,Thread Group 1-4,text,true,,231,159,12,12,http://localhost:8080/?token=518476755&user=-1355124193&config=2,858,0,0
1777905770457,864,Config test request,200,OK,Thread Group 1-5,text,true,,231,159,12,12,http://localhost:8080/?token=518476755&user=-1355124193&config=2,864,0,0
1777905770457,864,Config test request,200,OK,Thread Group 1-8,text,true,,231,159,12,12,http://localhost:8080/?token=518476755&user=-1355124193&config=2,863,0,0
1777905771957,897,Config test request,200,OK,Thread Group 1-11,text,false,"The operation lasted too long: It took 897 milliseconds, but should not have lasted longer than 880 milliseconds.",231,159,12,12,http://localhost:8080/?token=518476755&user=-1355124193&config=2,897,0,0
1777905771958,896,Config test request,200,OK,Thread Group 1-2,text,false,"The operation lasted too long: It took 896 milliseconds, but should not have lasted longer than 880 milliseconds.",231,159,12,12,http://localhost:8080/?token=518476755&user=-1355124193&config=2,896,0,0
1777905771959,895,Config test request,200,OK,Thread Group 1-12,text,false,"The operation lasted too long: It took 895 milliseconds, but should not have lasted longer than 880 milliseconds.",231,159,12,12,http://localhost:8080/?token=518476755&user=-1355124193&config=2,895,0,0
1777905771956,899,Config test request,200,OK,Thread Group 1-3,text,false,"The operation lasted too long: It took 899 milliseconds, but should not have lasted longer than 880 milliseconds.",231,159,12,12,http://localhost:8080/?token=518476755&user=-1355124193&config=2,899,0,0
1777905771959,896,Config test request,200,OK,Thread Group 1-7,text,false,"The operation lasted too long: It took 896 milliseconds, but should not have lasted longer than 880 milliseconds.",231,159,12,12,http://localhost:8080/?token=518476755&user=-1355124193&config=2,896,0,0
1777905771958,897,Config test request,200,OK,Thread Group 1-6,text,false,"The operation lasted too long: It took 897 milliseconds, but should not have lasted longer than 880 milliseconds.",231,159,12,12,http://localhost:8080/?token=518476755&user=-1355124193&config=2,897,0,0
1777905771956,900,Config test request,200,OK,Thread Group 1-1,text,false,"The operation lasted too long: It took 900 milliseconds, but should not have lasted longer than 880 milliseconds.",231,159,12,12,http://localhost:8080/?token=518476755&user=-1355124193&config=2,900,0,0
1777905771959,897,Config test request,200,OK,Thread Group 1-9,text,false,"The operation lasted too long: It took 897 milliseconds, but should not have lasted longer than 880 milliseconds.",231,159,12,12,http://localhost:8080/?token=518476755&user=-1355124193&config=2,897,0,0
1777905771956,900,Config test request,200,OK,Thread Group 1-10,text,false,"The operation lasted too long: It took 900 milliseconds, but should not have lasted longer than 880 milliseconds.",231,159,12,12,http://localhost:8080/?token=518476755&user=-1355124193&config=2,900,0,0
1777905771958,900,Config test request,200,OK,Thread Group 1-4,text,false,"The operation lasted too long: It took 900 milliseconds, but should not have lasted longer than 880 milliseconds.",231,159,12,12,http://localhost:8080/?token=518476755&user=-1355124193&config=2,900,0,0
1777905771958,900,Config test request,200,OK,Thread Group 1-8,text,false,"The operation lasted too long: It took 900 milliseconds, but should not have lasted longer than 880 milliseconds.",231,159,12,12,http://localhost:8080/?token=518476755&user=-1355124193&config=2,900,0,0
1777905771958,901,Config test request,200,OK,Thread Group 1-5,text,false,"The operation lasted too long: It took 901 milliseconds, but should not have lasted longer than 880 milliseconds.",231,159,12,12,http://localhost:8080/?token=518476755&user=-1355124193&config=2,901,0,0
1777905773459,829,Config test request,200,OK,Thread Group 1-2,text,true,,231,159,12,12,http://localhost:8080/?token=518476755&user=-1355124193&config=2,829,0,0
1777905773458,830,Config test request,200,OK,Thread Group 1-7,text,true,,231,159,12,12,http://localhost:8080/?token=518476755&user=-1355124193&config=2,830,0,0
1777905773459,829,Config test request,200,OK,Thread Group 1-12,text,true,,231,159,12,12,http://localhost:8080/?token=518476755&user=-1355124193&config=2,829,0,0
1777905773458,830,Config test request,200,OK,Thread Group 1-3,text,true,,231,159,12,12,http://localhost:8080/?token=518476755&user=-1355124193&config=2,830,0,0
1777905773458,830,Config test request,200,OK,Thread Group 1-6,text,true,,231,159,12,12,http://localhost:8080/?token=518476755&user=-1355124193&config=2,830,0,0
1777905773459,829,Config test request,200,OK,Thread Group 1-11,text,true,,231,159,12,12,http://localhost:8080/?token=518476755&user=-1355124193&config=2,829,0,0
1777905773457,832,Config test request,200,OK,Thread Group 1-9,text,true,,231,159,12,12,http://localhost:8080/?token=518476755&user=-1355124193&config=2,832,0,0
1777905773460,829,Config test request,200,OK,Thread Group 1-8,text,true,,231,159,12,12,http://localhost:8080/?token=518476755&user=-1355124193&config=2,829,0,0
1777905773457,832,Config test request,200,OK,Thread Group 1-1,text,true,,231,159,12,12,http://localhost:8080/?token=518476755&user=-1355124193&config=2,832,0,0
1777905773457,832,Config test request,200,OK,Thread Group 1-5,text,true,,231,159,12,12,http://localhost:8080/?token=518476755&user=-1355124193&config=2,832,0,0
1777905773460,829,Config test request,200,OK,Thread Group 1-4,text,true,,231,159,12,12,http://localhost:8080/?token=518476755&user=-1355124193&config=2,829,0,0
1777905773458,831,Config test request,200,OK,Thread Group 1-10,text,true,,231,159,12,12,http://localhost:8080/?token=518476755&user=-1355124193&config=2,831,0,0
1777905774958,866,Config test request,200,OK,Thread Group 1-11,text,true,,231,159,12,12,http://localhost:8080/?token=518476755&user=-1355124193&config=2,866,0,0
1777905774957,867,Config test request,200,OK,Thread Group 1-12,text,true,,231,159,12,12,http://localhost:8080/?token=518476755&user=-1355124193&config=2,867,0,0
1777905774957,867,Config test request,200,OK,Thread Group 1-6,text,true,,231,159,12,12,http://localhost:8080/?token=518476755&user=-1355124193&config=2,867,0,0
1777905774958,866,Config test request,200,OK,Thread Group 1-3,text,true,,231,159,12,12,http://localhost:8080/?token=518476755&user=-1355124193&config=2,866,0,0
1777905774957,867,Config test request,200,OK,Thread Group 1-2,text,true,,231,159,12,12,http://localhost:8080/?token=518476755&user=-1355124193&config=2,867,0,0
1777905774959,865,Config test request,200,OK,Thread Group 1-4,text,true,,231,159,12,12,http://localhost:8080/?token=518476755&user=-1355124193&config=2,865,0,0
1777905774958,867,Config test request,200,OK,Thread Group 1-7,text,true,,231,159,12,12,http://localhost:8080/?token=518476755&user=-1355124193&config=2,867,0,0
1777905774957,868,Config test request,200,OK,Thread Group 1-10,text,true,,231,159,12,12,http://localhost:8080/?token=518476755&user=-1355124193&config=2,868,0,0
1777905774956,869,Config test request,200,OK,Thread Group 1-1,text,true,,231,159,12,12,http://localhost:8080/?token=518476755&user=-1355124193&config=2,869,0,0
1777905774956,869,Config test request,200,OK,Thread Group 1-5,text,true,,231,159,12,12,http://localhost:8080/?token=518476755&user=-1355124193&config=2,869,0,0
1777905774959,866,Config test request,200,OK,Thread Group 1-9,text,true,,231,159,12,12,http://localhost:8080/?token=518476755&user=-1355124193&config=2,866,0,0
1777905774956,871,Config test request,200,OK,Thread Group 1-8,text,true,,231,159,12,12,http://localhost:8080/?token=518476755&user=-1355124193&config=2,871,0,0
1777905776457,776,Config test request,200,OK,Thread Group 1-8,text,true,,231,159,12,12,http://localhost:8080/?token=518476755&user=-1355124193&config=2,776,0,0
1777905776458,775,Config test request,200,OK,Thread Group 1-9,text,true,,231,159,12,12,http://localhost:8080/?token=518476755&user=-1355124193&config=2,775,0,0
1777905776459,778,Config test request,200,OK,Thread Group 1-4,text,true,,231,159,12,12,http://localhost:8080/?token=518476755&user=-1355124193&config=2,778,0,0
1777905776458,779,Config test request,200,OK,Thread Group 1-12,text,true,,231,159,12,12,http://localhost:8080/?token=518476755&user=-1355124193&config=2,779,0,0
1777905776457,781,Config test request,200,OK,Thread Group 1-2,text,true,,231,159,12,12,http://localhost:8080/?token=518476755&user=-1355124193&config=2,781,0,0
1777905776458,781,Config test request,200,OK,Thread Group 1-5,text,true,,231,159,12,12,http://localhost:8080/?token=518476755&user=-1355124193&config=2,781,0,0
1777905776458,784,Config test request,200,OK,Thread Group 1-7,text,true,,231,159,12,12,http://localhost:8080/?token=518476755&user=-1355124193&config=2,784,0,0
1777905776457,785,Config test request,200,OK,Thread Group 1-1,text,true,,231,159,12,12,http://localhost:8080/?token=518476755&user=-1355124193&config=2,785,0,0
1777905776458,786,Config test request,200,OK,Thread Group 1-10,text,true,,231,159,12,12,http://localhost:8080/?token=518476755&user=-1355124193&config=2,786,0,0
1777905776457,787,Config test request,200,OK,Thread Group 1-11,text,true,,231,159,12,12,http://localhost:8080/?token=518476755&user=-1355124193&config=2,787,0,0
1777905776458,789,Config test request,200,OK,Thread Group 1-6,text,true,,231,159,12,12,http://localhost:8080/?token=518476755&user=-1355124193&config=2,788,0,0
1777905776457,790,Config test request,200,OK,Thread Group 1-3,text,true,,231,159,12,12,http://localhost:8080/?token=518476755&user=-1355124193&config=2,790,0,0
1777905777961,778,Config test request,200,OK,Thread Group 1-9,text,true,,231,159,12,12,http://localhost:8080/?token=518476755&user=-1355124193&config=2,778,0,0
1777905777958,781,Config test request,200,OK,Thread Group 1-7,text,true,,231,159,12,12,http://localhost:8080/?token=518476755&user=-1355124193&config=2,781,0,0
1777905777962,777,Config test request,200,OK,Thread Group 1-12,text,true,,231,159,12,12,http://localhost:8080/?token=518476755&user=-1355124193&config=2,777,0,0
1777905777960,779,Config test request,200,OK,Thread Group 1-2,text,true,,231,159,12,12,http://localhost:8080/?token=518476755&user=-1355124193&config=2,779,0,0
1777905777960,782,Config test request,200,OK,Thread Group 1-3,text,true,,231,159,12,12,http://localhost:8080/?token=518476755&user=-1355124193&config=2,782,0,0
1777905777959,783,Config test request,200,OK,Thread Group 1-11,text,true,,231,159,12,12,http://localhost:8080/?token=518476755&user=-1355124193&config=2,783,0,0
1777905777959,783,Config test request,200,OK,Thread Group 1-6,text,true,,231,159,12,12,http://localhost:8080/?token=518476755&user=-1355124193&config=2,783,0,0
1777905777958,787,Config test request,200,OK,Thread Group 1-1,text,true,,231,159,12,12,http://localhost:8080/?token=518476755&user=-1355124193&config=2,787,0,0
1777905777959,787,Config test request,200,OK,Thread Group 1-5,text,true,,231,159,12,12,http://localhost:8080/?token=518476755&user=-1355124193&config=2,787,0,0
1777905777961,788,Config test request,200,OK,Thread Group 1-8,text,true,,231,159,12,12,http://localhost:8080/?token=518476755&user=-1355124193&config=2,788,0,0
1777905777963,786,Config test request,200,OK,Thread Group 1-4,text,true,,231,159,12,12,http://localhost:8080/?token=518476755&user=-1355124193&config=2,786,0,0
1777905777958,793,Config test request,200,OK,Thread Group 1-10,text,true,,231,159,12,12,http://localhost:8080/?token=518476755&user=-1355124193&config=2,793,0,0
1777905779458,872,Config test request,200,OK,Thread Group 1-12,text,true,,231,159,12,12,http://localhost:8080/?token=518476755&user=-1355124193&config=2,872,0,0
1777905779457,873,Config test request,200,OK,Thread Group 1-7,text,true,,231,159,12,12,http://localhost:8080/?token=518476755&user=-1355124193&config=2,873,0,0
1777905779459,871,Config test request,200,OK,Thread Group 1-3,text,true,,231,159,12,12,http://localhost:8080/?token=518476755&user=-1355124193&config=2,871,0,0
1777905779459,871,Config test request,200,OK,Thread Group 1-6,text,true,,231,159,12,12,http://localhost:8080/?token=518476755&user=-1355124193&config=2,871,0,0
1777905779458,872,Config test request,200,OK,Thread Group 1-11,text,true,,231,159,12,12,http://localhost:8080/?token=518476755&user=-1355124193&config=2,872,0,0
1777905779458,872,Config test request,200,OK,Thread Group 1-2,text,true,,231,159,12,12,http://localhost:8080/?token=518476755&user=-1355124193&config=2,872,0,0
1777905779460,871,Config test request,200,OK,Thread Group 1-1,text,true,,231,159,12,12,http://localhost:8080/?token=518476755&user=-1355124193&config=2,871,0,0
1777905779457,874,Config test request,200,OK,Thread Group 1-9,text,true,,231,159,12,12,http://localhost:8080/?token=518476755&user=-1355124193&config=2,874,0,0
1777905779460,871,Config test request,200,OK,Thread Group 1-10,text,true,,231,159,12,12,http://localhost:8080/?token=518476755&user=-1355124193&config=2,871,0,0
1777905779461,870,Config test request,200,OK,Thread Group 1-4,text,true,,231,159,12,12,http://localhost:8080/?token=518476755&user=-1355124193&config=2,870,0,0
1777905779460,871,Config test request,200,OK,Thread Group 1-8,text,true,,231,159,12,12,http://localhost:8080/?token=518476755&user=-1355124193&config=2,871,0,0
1777905779460,872,Config test request,200,OK,Thread Group 1-5,text,true,,231,159,12,12,http://localhost:8080/?token=518476755&user=-1355124193&config=2,872,0,0
1777905780959,807,Config test request,200,OK,Thread Group 1-2,text,true,,231,159,12,12,http://localhost:8080/?token=518476755&user=-1355124193&config=2,807,0,0
1777905780959,807,Config test request,200,OK,Thread Group 1-12,text,true,,231,159,12,12,http://localhost:8080/?token=518476755&user=-1355124193&config=2,807,0,0
1777905780957,809,Config test request,200,OK,Thread Group 1-3,text,true,,231,159,12,12,http://localhost:8080/?token=518476755&user=-1355124193&config=2,809,0,0
1777905780957,809,Config test request,200,OK,Thread Group 1-6,text,true,,231,159,12,12,http://localhost:8080/?token=518476755&user=-1355124193&config=2,809,0,0
1777905780957,811,Config test request,200,OK,Thread Group 1-7,text,true,,231,159,12,12,http://localhost:8080/?token=518476755&user=-1355124193&config=2,811,0,0
1777905780957,814,Config test request,200,OK,Thread Group 1-9,text,true,,231,159,7,7,http://localhost:8080/?token=518476755&user=-1355124193&config=2,814,0,0
1777905780957,814,Config test request,200,OK,Thread Group 1-10,text,true,,231,159,7,7,http://localhost:8080/?token=518476755&user=-1355124193&config=2,814,0,0
1777905780959,812,Config test request,200,OK,Thread Group 1-11,text,true,,231,159,7,7,http://localhost:8080/?token=518476755&user=-1355124193&config=2,812,0,0
1777905780957,815,Config test request,200,OK,Thread Group 1-1,text,true,,231,159,7,7,http://localhost:8080/?token=518476755&user=-1355124193&config=2,815,0,0
1777905780959,815,Config test request,200,OK,Thread Group 1-8,text,true,,231,159,3,3,http://localhost:8080/?token=518476755&user=-1355124193&config=2,815,0,0
1777905780959,815,Config test request,200,OK,Thread Group 1-5,text,true,,231,159,3,3,http://localhost:8080/?token=518476755&user=-1355124193&config=2,815,0,0
1777905780959,815,Config test request,200,OK,Thread Group 1-4,text,true,,231,159,3,3,http://localhost:8080/?token=518476755&user=-1355124193&config=2,815,0,0
